City,Cloudiness,Country,Date,Humidity,Lat,Lng,Max Temp,Wind Speed
Nouadhibou,75,MR,1555470000,88,20.93,-17.03,62.6,19.46
Avarua,100,CK,1555468200,83,-21.21,-159.78,82.4,6.93
Baoshan,75,CN,1555471591,68,31.41,121.49,78.01,4.47
Buzdyak,0,RU,1555471612,52,54.57,54.53,22.01,16.96
Codrington,40,AU,1555471322,69,-28.95,153.24,75.2,12.75
Jamestown,90,AU,1555471613,14,-33.21,138.6,88.61,22.03
Atuona,98,PF,1555471613,73,-9.8,-139.03,82.85,11.01
Cape Town,0,ZA,1555471264,72,-33.93,18.42,60.01,10.29
Rikitea,26,PF,1555471613,82,-23.12,-134.97,77.81,10.47
Teguise,3,ES,1555470000,82,29.06,-13.56,62.6,3.36
Barrow,51,AR,1555471614,44,-38.31,-60.23,64.49,20.33
Ponta Delgada,40,PT,1555471575,76,37.73,-25.67,55,11.41
Cuenca,100,ES,1555471400,70,40.07,-2.13,50,18.12
Awjilah,0,LY,1555471614,69,29.14,21.3,58.19,7.92
Hilo,75,US,1555471578,73,19.71,-155.08,75.2,9.17
Tura,67,IN,1555471599,53,25.52,90.21,92.57,1.05
Fairbanks,75,US,1555471244,45,64.84,-147.72,46.4,16.11
Dikson,42,RU,1555471614,95,73.51,80.55,-5.89,0.85
Bluff,1,AU,1555471615,35,-23.58,149.07,82.49,10.56
Yar-Sale,89,RU,1555471615,94,66.83,70.83,-7.16,14.72
Bellavista,100,CO,1555471616,94,6.57,-76.89,76.37,2.33
Souillac,0,FR,1555471531,87,45.6,-0.6,51.01,6.93
Broome,97,GB,1555471580,93,52.47,1.45,44.6,3.36
Mar del Plata,0,AR,1555471616,36,-46.43,-67.52,52.61,13.6
Tiksi,0,RU,1555471616,80,71.64,128.87,1.67,8.75
Belaya Gora,72,RU,1555471617,84,68.54,146.19,29.75,13.35
Yellowknife,75,CA,1555471488,74,62.45,-114.38,28.4,10.29
Luangwa,100,MZ,1555471617,93,-15.62,30.4,70.79,1.92
Lovozero,90,RU,1555471617,87,68.01,35.02,31.91,4.41
Bredasdorp,98,ZA,1555470967,82,-34.53,20.04,57.2,4.45
Maxixe,20,MZ,1555470000,88,-23.86,35.35,73.4,3.36
Cabo San Lucas,75,MX,1555471219,72,22.89,-109.91,71.01,10.29
Puerto Ayora,57,EC,1555470936,93,-0.74,-90.35,80.01,6.42
Hasaki,75,JP,1555471028,52,35.73,140.83,68,12.75
Fortuna,0,ES,1555471587,93,38.18,-1.13,60.8,1.12
Hobart,0,AU,1555471575,24,-42.88,147.33,81,17.22
Kimbe,72,PG,1555471618,64,-5.56,150.15,88.61,1.88
Talnakh,40,RU,1555468200,83,69.49,88.39,-11.21,15.66
Ola,73,RU,1555471618,64,59.58,151.3,34.43,21.18
Agadez,0,NE,1555471353,10,16.97,7.99,72.77,9.78
Nainpur,99,IN,1555471619,63,22.43,80.11,75.11,0.83
San Quintin,27,PH,1555471619,45,17.54,120.52,91.13,8.16
Nikolskoye,12,RU,1555471671,86,59.7,30.79,35.01,2.24
Ushuaia,40,AR,1555466400,86,-54.81,-68.31,37.4,14.99
Bratsk,4,RU,1555471388,37,56.15,101.63,33.8,2.24
Along,29,IN,1555471679,53,28.17,94.8,67.55,3.47
Port Alfred,98,ZA,1555471597,92,-33.59,26.89,57,2.62
Juneau,75,US,1555471492,65,58.3,-134.42,46.4,5.82
Hobyo,31,SO,1555471680,73,5.35,48.53,80.87,9.08
Busselton,98,AU,1555471520,34,-33.64,115.35,70,4.23
Hermanus,85,ZA,1555471000,86,-34.42,19.24,57,16.35
Punta Arenas,75,CL,1555471388,86,-53.16,-70.91,39.2,4.7
Northam,100,GB,1555471629,94,51.04,-4.21,44.01,1.01
Butaritari,100,KI,1555471680,82,3.07,172.79,82.85,15.05
Kavieng,100,PG,1555471681,72,-2.57,150.8,83.57,9.08
Georgetown,75,GY,1555466400,83,6.8,-58.16,78.8,4.7
Ayni,98,TJ,1555471681,88,39.39,68.54,35.33,2.98
Luderitz,81,NA,1555466400,71,-26.65,15.16,53.6,3.36
Bethel,90,US,1555468320,73,60.79,-161.76,24.8,14.99
Orange Cove,2,US,1555471674,67,36.62,-119.31,64.4,5.82
Longyearbyen,75,NO,1555469400,86,78.22,15.63,33.8,21.92
Albany,90,US,1555471365,26,42.65,-73.75,48.2,9.17
Katsuura,75,JP,1555470665,52,33.93,134.5,64.4,4.7
Damietta,57,EG,1555471386,71,31.42,31.81,61.43,11.01
Airai,4,TL,1555471683,51,-8.93,125.41,86.99,3.49
Kapaa,75,US,1555471105,65,22.08,-159.32,78.8,12.75
Xuddur,61,SO,1555471508,81,4.12,43.89,76.19,15.48
Brainerd,1,US,1555471625,45,46.36,-94.2,50,3.36
Guayaramerin,100,BO,1555471683,96,-10.82,-65.36,74.75,1.83
Mataura,0,NZ,1555471205,77,-46.19,168.86,57.99,1.01
Yako,8,BF,1555471683,9,12.96,-2.26,87.71,9.13
Wodonga,10,AU,1555471524,36,-36.12,146.89,82,6.93
Sept-Iles,90,CA,1555471026,59,50.2,-66.38,35.01,16.11
Wenling,0,CN,1555471659,61,28.38,121.38,81,3
Saint-Philippe,75,CA,1555471533,52,45.36,-73.48,44.6,5.82
Acapulco,5,MX,1555469160,65,16.86,-99.88,78.8,10.29
Axim,95,GH,1555471684,83,4.87,-2.24,80.33,5.7
Yumen,53,CN,1555471684,23,40.29,97.04,68.09,24.25
Shimoda,75,JP,1555471511,55,34.7,138.93,66.99,12.75
Saint-Pierre,90,FR,1555471592,100,48.95,4.24,50,4.7
Kavaratti,40,IN,1555468200,74,10.57,72.64,86,6.93
Vila Franca do Campo,40,PT,1555471635,76,37.72,-25.43,55,11.41
Kisanga,100,CD,1555471685,95,-11.72,27.4,61.61,0.89
Vaini,0,IN,1555466400,83,15.34,74.49,73.4,3.96
Muzhi,2,RU,1555471686,79,65.4,64.7,3.47,10.98
Bandar,100,ID,1555471686,60,-4.2,104.14,88.79,1.74
Khatanga,67,RU,1555471746,93,71.98,102.47,-3.38,6.29
Oga,86,NG,1555471746,85,8.18,5.65,76.19,4.32
Aras,53,YE,1555471746,61,14.28,44.38,68.09,3.2
Flin Flon,26,CA,1555471630,89,54.77,-101.88,32.45,2.64
Ahipara,54,NZ,1555471747,60,-35.17,173.16,67.01,8.34
Havre-Saint-Pierre,75,CA,1555470000,59,50.23,-63.6,35.6,24.16
Batangafo,100,CF,1555471747,74,7.3,18.29,79.07,5.35
Qaanaaq,99,GL,1555471739,99,77.48,-69.36,-14.53,4.74
Castro,75,CL,1555470000,87,-42.48,-73.76,48.2,12.75
Husavik,88,CA,1555471486,63,50.56,-96.99,45,6.08
Ambilobe,45,MG,1555471748,92,-13.19,49.05,74.21,4.21
Saint George,40,GR,1555469400,93,39.45,22.34,46.4,2.68
Soyo,100,AO,1555471748,83,-6.13,12.37,82.13,7.31
Kerema,13,PG,1555471748,64,-7.96,145.78,86.09,9.44
Dhidhdhoo,97,MV,1555471748,66,6.88,73.1,85.73,5.64
Namuac,51,PH,1555471749,63,18.61,121.17,83.93,4.16
Cidreira,9,BR,1555471749,77,-30.17,-50.22,67.55,11.23
Homer,20,US,1555471632,61,59.64,-151.54,46.99,9.17
Lata,100,IN,1555471749,78,30.78,78.62,28.13,4.61
West Plains,1,US,1555471682,55,36.73,-91.85,66.2,10.29
La Ronge,20,CA,1555470000,59,55.1,-105.3,37.4,5.82
Alofi,100,NU,1555470000,88,-19.06,-169.92,80.6,6.93
Upernavik,100,GL,1555471626,90,72.79,-56.15,8.33,1.36
Mnogovershinnyy,0,RU,1555471749,58,53.94,139.92,34.43,22.1
Bambous Virieux,40,MU,1555471744,88,-20.34,57.76,77,5.82
Claveria,1,PH,1555470996,76,8.61,124.89,84,8.01
Zhezkazgan,0,KZ,1555470000,56,47.8,67.71,42.8,4.47
Ler,0,NO,1555471473,59,63.2,10.3,46.4,17.22
Xining,0,CN,1555471750,11,36.62,101.77,59.63,1.79
Norman Wells,20,CA,1555470000,63,65.28,-126.83,30.2,11.41
New Norfolk,0,AU,1555471695,27,-42.78,147.06,81,18.34
Sur,0,OM,1555471751,36,22.57,59.53,80.87,7.74
Ribeira Grande,21,PT,1555471751,69,38.52,-28.7,58.19,16.75
Ust-Tsilma,100,RU,1555471751,89,65.44,52.15,13.01,4.43
Berea,90,US,1555471742,76,41.37,-81.85,64.4,3.36
Kalmunai,100,LK,1555471751,68,7.42,81.82,85.19,3.02
Tasiilaq,91,GL,1555469400,86,65.61,-37.64,33.8,3.36
Leningradskiy,5,RU,1555471752,88,69.38,178.42,8.33,5.06
Mayumba,100,GA,1555471752,78,-3.44,10.65,81.05,3.06
Victoria,75,BN,1555470000,74,5.28,115.24,87.8,6.93
Coquimbo,90,CL,1555470000,93,-29.95,-71.34,55.4,2.24
Havelock,1,US,1555471717,72,34.88,-76.9,62.01,10.29
Sungaipenuh,100,ID,1555471813,53,-2.08,101.38,88.07,1.63
Iqaluit,5,CA,1555471363,64,63.75,-68.52,-2.01,18.34
Port Elizabeth,75,US,1555471811,50,39.31,-74.98,59,4.7
Taoudenni,100,ML,1555471813,5,22.68,-3.98,79.61,7.52
Comodoro Rivadavia,0,AR,1555470000,54,-45.87,-67.48,57.2,14.99
Pandamatenga,1,BW,1555471814,82,-18.54,25.64,66.29,5.32
Half Moon Bay,1,US,1555471810,87,37.46,-122.43,60.01,17.22
Saldanha,99,PT,1555471814,63,41.42,-6.55,51.17,7.07
Nago,0,IT,1555471812,87,45.88,10.89,50,1.12
Udachnyy,0,RU,1555470000,44,66.42,112.4,21.2,4.47
Nanning,75,CN,1555470000,73,22.83,108.3,73.4,4.47
Ribeira Brava,75,PT,1555471412,82,32.65,-17.07,57.99,2.24
Santa Maria,90,BR,1555466400,88,-29.69,-53.81,64.4,3.36
Ponta do Sol,90,BR,1555471817,97,-20.63,-46,64.85,1.72
Vila,0,IT,1555471813,87,45.18,8.4,52,5.82
Pisco,0,PE,1555471060,73,-13.71,-76.2,71.6,4.7
Srednekolymsk,21,RU,1555471817,78,67.46,153.71,30.29,11.7
Kuryk,100,KZ,1555471818,45,43.18,51.68,65.21,12.84
Chelmza,0,PL,1555471744,64,53.18,18.6,43,3.36
Chokurdakh,0,RU,1555471818,88,70.62,147.9,14.45,9.42
Nanortalik,0,GL,1555471818,91,60.14,-45.24,31.55,4.63
Carnarvon,100,ZA,1555471598,27,-30.97,22.13,57.11,5.12
Staraya Kulatka,0,RU,1555471818,60,52.73,47.62,29.03,17.43
Kaitangata,0,NZ,1555471806,75,-46.28,169.85,52,10
Vardo,1,US,1555471815,54,39.62,-77.74,60.8,6.93
Geraldton,75,CA,1555470000,69,49.72,-86.95,35.6,5.82
Tuatapere,0,NZ,1555471808,77,-46.13,167.69,57.99,5.77
Bathsheba,20,BB,1555470000,69,13.22,-59.52,78.8,14.99
Vulcan,93,CA,1555471683,35,50.4,-113.26,46.99,1.01
Ferme-Neuve,1,CA,1555471819,92,46.7,-75.45,30.29,3.44
Odessa,23,US,1555470946,72,31.85,-102.37,68,13.87
Beatrice,1,US,1555471819,64,40.27,-96.75,71.6,4.7
Hoquiam,90,US,1555471672,100,46.98,-123.89,50,9.17
Adre,0,TD,1555471820,20,13.47,22.2,79.25,12.41
Viedma,67,AR,1555471820,37,-40.81,-62.99,69.35,15.5
Cooma,0,AU,1555470000,40,-36.24,149.13,71.6,14.99
Florianopolis,20,BR,1555471803,83,-27.6,-48.55,69.8,2.24
Santiago de Cao,40,PE,1555470000,88,-7.96,-79.24,68,8.05
Tiznit,0,MA,1555471820,90,29.7,-9.73,62.69,8.23
Vila Velha,75,BR,1555471695,88,-3.71,-38.6,77,3.36
Conroe,90,US,1555471541,88,30.31,-95.46,72,9.17
Eureka,90,US,1555471794,81,40.8,-124.16,54,9.17
Pathankot,100,IN,1555471821,57,32.27,75.65,68.27,4.45
Torbay,90,CA,1555471711,94,47.66,-52.73,35.01,16.11
Lar,0,IR,1555470000,77,27.66,54.32,59,4.29
Przeworsk,90,PL,1555471639,93,50.06,22.49,42.01,10.29
Roald,0,NO,1555471827,80,62.58,6.12,43,6.93
Dingle,29,PH,1555471882,42,11,122.67,92.57,6.8
Kruisfontein,100,ZA,1555471882,90,-34,24.73,52.43,2.75
Guerrero Negro,0,MX,1555471882,81,27.97,-114.04,61.07,12.26
Cayenne,90,GF,1555470000,78,4.94,-52.33,80.6,5.82
Derbent,100,RU,1555471883,95,42.06,48.29,49.01,2.82
Zhaozhou,100,CN,1555471883,31,45.71,125.27,64.67,24.52
Grand Gaube,40,MU,1555471744,88,-20.01,57.66,77,5.82
Namibe,7,AO,1555471883,76,-15.19,12.15,71.33,9.17
Pionki,49,PL,1555471833,99,51.47,21.44,41,5.41
San Blas,0,MX,1555471883,74,21.54,-105.29,74.39,2.42
Ballina,39,IE,1555471691,92,54.11,-9.15,44.01,7
San Cristobal,75,EC,1555471859,93,-0.39,-78.55,57.2,4.7
Ngaoundere,100,CM,1555471884,62,7.32,13.58,72.05,2.28
Durango,90,US,1555471815,45,37.28,-107.88,59,9.17
Cabuyaro,100,CO,1555471884,88,4.29,-72.79,76.01,3.13
Golden,67,CA,1555471634,69,51.3,-116.96,31.01,2.91
Kodiak,1,US,1555471878,35,39.95,-94.76,72,10.29
Dong Hoi,54,VN,1555471665,64,17.48,106.6,88.61,5.08
Kamaishi,0,JP,1555470000,28,39.28,141.86,68,3.36
Arbagar,95,RU,1555471885,38,51.94,116.28,37.85,8.72
Ilulissat,75,GL,1555469400,66,69.22,-51.1,15.8,5.82
Bacolod,45,PH,1555471885,66,10.68,122.95,86.27,5.08
Caravelas,100,BR,1555471885,90,-17.73,-39.27,76.91,3.42
Verkh-Usugli,100,RU,1555471885,43,52.7,115.17,36.77,0.29
Hue,40,VN,1555470000,63,16.47,107.58,93.2,5.82
Daniel Flores,100,CR,1555471886,77,9.34,-83.67,72.23,2.68
Bonavista,100,CA,1555470919,88,48.65,-53.11,34,8.01
Saint-Georges,64,CA,1555471032,92,46.12,-70.67,36,3
Hofn,100,IS,1555471886,99,64.25,-15.21,34.79,17.29
Tuktoyaktuk,20,CA,1555470000,78,69.44,-133.03,14,10.29
Sioux Lookout,40,CA,1555470000,45,50.1,-91.92,46.4,6.93
Arraial do Cabo,66,BR,1555471887,87,-22.97,-42.02,74.93,18.88
Damoh,23,IN,1555471887,43,23.84,79.44,80.51,6.04
Broken Hill,2,AU,1555470000,18,-31.97,141.45,87.8,13.87
Inirida,99,CO,1555471887,84,3.87,-67.92,78.17,1.83
Thompson,40,CA,1555470000,93,55.74,-97.86,35.6,5.82
Hay River,40,CA,1555470000,80,60.82,-115.79,33.8,3.36
Tchollire,69,CM,1555471888,45,8.4,14.17,85.01,2.3
East London,0,ZA,1555470000,87,-33.02,27.91,53.6,3.36
Port Hardy,75,CA,1555470000,81,50.7,-127.42,48.2,3.36
Mount Gambier,90,AU,1555470000,93,-37.83,140.78,64.4,9.17
Fort Nelson,75,CA,1555470000,29,58.81,-122.69,51.8,4.7
Beloha,33,MG,1555471948,91,-25.17,45.06,68.99,1.92
Tlaxco,0,MX,1555471948,34,19.61,-98.12,63.95,5.41
Xucheng,0,CN,1555471949,49,33,118.51,74.21,8.77
Moundsville,20,US,1555471940,39,39.92,-80.74,64,8.05
Liverpool,20,GB,1555471754,87,53.41,-2.98,48,9.17
Hithadhoo,100,MV,1555471949,75,-0.6,73.08,85.55,8.88
Grand Baie,40,MU,1555471744,88,-20.02,57.58,77,5.82
Nome,75,US,1555471917,77,30.04,-94.42,71.01,9.17
Ushtobe,100,KZ,1555471949,38,45.25,77.98,58.37,6.17
Loreto,0,PY,1555471950,82,-23.27,-57.32,72.05,5.3
Sabha,0,LY,1555471950,20,27.03,14.43,68.99,8.7
Pavilosta,0,LV,1555469400,74,56.89,21.19,37.4,2.24
Luwuk,99,ID,1555471934,90,-0.95,122.79,70.97,1.79
Kenai,1,US,1555471923,70,60.55,-151.26,46.99,17.22
Lebu,75,ET,1555466400,87,8.96,38.73,57.2,4.7
Usinsk,93,RU,1555471951,95,66,57.56,3.29,5.03
Abha,0,SA,1555470000,72,18.22,42.5,60.8,3.36
Cherskiy,0,RU,1555471951,87,68.75,161.3,22.37,3.6
Marabba,18,SD,1555471951,24,12.35,32.18,89.15,6.29
Athabasca,100,CA,1555471951,52,54.72,-113.29,44.33,3.33
Scarborough,100,GB,1555471899,100,54.28,-0.41,45,3.36
Lavrentiya,77,RU,1555471952,90,65.58,-170.99,7.97,7.74
Nioro,0,GM,1555471952,30,13.79,-15.05,77.63,11.12
Isangel,75,VU,1555466400,70,-19.55,169.27,87.8,21.92
Narsaq,3,GL,1555469400,80,60.91,-46.05,35.6,4.7
Neuquen,0,AR,1555470000,81,-38.95,-68.06,53.6,2.24
Astoria,90,US,1555471905,87,46.19,-123.83,51.01,6.93
Preobrazheniye,0,RU,1555471952,32,42.9,133.91,65.57,4.61
Rundu,39,NA,1555470000,73,-17.91,19.77,69.8,1.12
Chirongui,0,YT,1555470000,94,-12.93,45.15,80.6,2.24
Santa Cruz,1,US,1555471746,62,36.97,-122.03,60.01,12.75
Bubaque,0,GW,1555471953,67,11.28,-15.83,78.53,16.24
Margate,0,AU,1555471905,27,-43.03,147.26,81,18.34
Kaeo,60,NZ,1555470485,70,-35.1,173.78,64.99,8.99
Lindenhurst,90,US,1555471940,81,42.41,-88.03,52,11.1
Vestmannaeyjar,14,IS,1555471954,85,63.44,-20.27,45.59,23.91
Rognan,0,NO,1555471883,51,67.1,15.4,35.6,14.99
Sobolevo,0,RU,1555471954,90,54.43,31.9,37.85,9.91
Schattdorf,75,CH,1555471937,100,46.86,8.65,48.99,2.24
Kahului,75,US,1555469640,83,20.89,-156.47,75.99,12.75
Richards Bay,35,ZA,1555472014,77,-28.77,32.06,70.97,12.77
Mahanoro,0,MG,1555472014,96,-19.9,48.8,72.41,1.79
Shama,1,YE,1555472014,61,15.9,43.48,86.09,6.15
Nyagan,100,RU,1555472015,87,62.14,65.43,2.57,12.77
Laguna,0,MX,1555472015,53,27.52,-110.01,70.07,4.81
Anloga,20,GH,1555466400,88,5.79,0.9,82.4,3.36
Kutum,0,SD,1555472015,23,14.2,24.66,71.51,4.97
Brae,0,GB,1555469400,75,60.4,-1.35,42.8,12.75
Zhanaozen,100,KZ,1555472015,51,43.35,52.85,61.43,19.77
Karaton,20,ID,1555471991,62,-6.34,106.1,87.8,3.36
Clyde River,40,CA,1555470000,83,70.47,-68.59,-14.81,3.36
Batagay-Alyta,80,RU,1555472016,88,67.8,130.41,8.87,4.38
Saint-Augustin,0,FR,1555471845,76,44.83,-0.61,53.6,9.17
Alghero,0,IT,1555471985,100,40.56,8.32,48,5.17
Hereford,1,GB,1555471748,93,52.06,-2.72,46,2.8
Kieta,100,PG,1555472016,64,-6.22,155.63,85.37,4.38
Luganville,40,VU,1555470000,66,-15.51,167.18,86,8.05
Berat,17,AL,1555472017,74,40.7,19.96,51.53,4.41
Kavaje,75,AL,1555469400,87,41.18,19.56,50,3.36
Appleton,1,US,1555471638,75,44.26,-88.41,46.99,3.36
Marawi,17,PH,1555471910,77,8,124.29,82.99,8.01
Taltal,0,CL,1555472017,72,-25.41,-70.49,63.95,1.9
Harlingen,90,US,1555471695,83,26.19,-97.7,75.99,13.87
Bridgewater,2,US,1555471981,48,41.99,-70.98,50,12.75
West Wendover,20,US,1555469760,61,40.74,-114.07,48.2,3.36
Porto Novo,20,BR,1555470000,100,-23.68,-45.44,68,4.7
Tautira,40,PF,1555471986,66,-17.73,-149.15,87.8,11.41
Vostok,10,RU,1555471980,27,46.45,135.83,67.73,10.11
Port Augusta,61,AU,1555471910,15,-32.49,137.76,93.2,24.16
Ushirombo,65,TZ,1555472019,94,-3.47,31.9,63.77,1.25
Shelburne,75,CA,1555471962,64,44.08,-80.2,41,5.95
Bahia Honda,0,CU,1555472019,75,22.9,-83.16,79.07,13.96
Jardim,0,BR,1555472019,79,-21.48,-56.15,71.51,3.6
Torata,96,PE,1555472019,71,-17.08,-70.84,60.53,2.8
Esperance,75,TT,1555471878,88,10.24,-61.45,77,16.11
Chuy,4,UY,1555472020,72,-33.69,-53.46,68.09,13.06
Hami,91,CN,1555472020,17,42.84,93.51,72.95,2.3
Lubango,60,AO,1555472020,53,-14.92,13.49,72.95,0.89
Manaure,56,CO,1555472020,81,11.78,-72.45,80.15,16.89
Vao,0,EE,1555472020,93,59.1,26.19,34.43,3.27
San Andres,25,PH,1555472021,60,13.32,122.68,87.89,6.78
Koumac,70,NC,1555472021,73,-20.56,164.28,80.33,11.65
Doha,0,QA,1555470000,64,25.29,51.53,75.2,6.93
Tall Kayf,90,TR,1555470000,93,37.08,41.07,50,6.93
Olinda,90,EC,1555471960,78,-2.03,-79.75,78.8,11.41
Launceston,90,AU,1555471582,49,-41.43,147.14,73.4,17.22
Kompaniyivka,86,UA,1555472082,89,48.25,32.21,39.65,4.83
Brownsville,90,US,1555472058,83,25.91,-97.49,75.99,13.87
Morant Bay,20,JM,1555470000,69,17.88,-76.41,80.6,6.93
Camopi,86,GF,1555472082,99,3.17,-52.33,73.13,2.21
Lagoa,0,PT,1555471960,93,37.14,-8.45,59,4.7
Roslavl,0,RU,1555472083,85,53.95,32.86,38.39,10.63
Anadyr,40,RU,1555471990,85,64.73,177.51,23,13.42
Kita,75,JP,1555472076,72,35.76,139.74,69.01,6.93
Iquitos,0,PE,1555470000,94,-3.75,-73.25,77,1.45
Ucluelet,100,CA,1555471946,97,48.94,-125.55,48,1.01
Maceio,20,BR,1555470000,88,-9.67,-35.74,75.2,5.82
Klaksvik,100,FO,1555471200,81,62.23,-6.59,44.6,21.92
Khasan,0,RU,1555472084,22,42.43,130.64,69.35,8.14
Timizart,0,DZ,1555471802,69,36.8,4.25,57,6.76
Pangnirtung,2,CA,1555472084,72,66.15,-65.72,-11.12,3.94
Mahebourg,40,MU,1555472044,88,-20.41,57.7,77,5.82
Yatou,100,CM,1555472084,68,3.63,9.81,85.01,2.86
Itinga,100,BR,1555472084,98,-16.61,-41.77,68.27,3.98
Provideniya,0,RU,1555470000,62,64.42,-173.23,23,6.71
Kautokeino,51,NO,1555472085,90,69.01,23.04,16.07,2.59
Sao Filipe,91,CV,1555472085,83,14.9,-24.5,71.33,16.4
Alice Springs,0,AU,1555470000,18,-23.7,133.88,87.8,4.7
Labuhan,17,ID,1555472085,48,-2.54,115.51,95.27,0.56
Scottsboro,1,US,1555472028,87,34.67,-86.03,62.6,6.38
Bintulu,75,MY,1555470000,79,3.17,113.03,86,4.7
Paita,10,PE,1555472086,90,-5.09,-81.11,72.05,13.89
Kozhva,69,RU,1555472086,90,65.11,57.05,6.71,2.51
Tromso,75,NO,1555469400,80,69.65,18.96,33.8,3.36
Atar,0,MR,1555472086,18,20.52,-13.05,83.03,8.77
Erzin,40,TR,1555471916,82,36.95,36.2,55.4,5.82
Myitkyina,0,MM,1555472086,35,25.38,97.4,87.35,1.79
Shingu,75,JP,1555470000,55,33.72,135.99,66.2,8.05
Karratha,0,AU,1555472087,24,-20.74,116.85,94.55,6.76
Cairns,40,AU,1555471821,58,-16.92,145.77,82.4,16.11
Mildura,87,AU,1555471936,15,-34.18,142.16,90,10.29
Ust-Kan,46,RU,1555472087,47,50.93,84.77,33.89,6.76
Puri,40,ID,1555470000,79,-7.54,112.45,86,8.05
Harper,90,US,1555471963,77,30.3,-99.24,69.8,12.75
Poltavskaya,74,RU,1555471529,94,45.36,38.22,50,1.99
High Prairie,38,CA,1555472088,48,55.43,-116.48,43.43,2.48
Rafai,12,CF,1555472088,79,4.95,23.92,71.69,1.83
Chipata,24,ZM,1555472148,87,-13.64,32.65,65.93,4.54
Kangaatsiaq,96,GL,1555472148,80,68.31,-53.46,14.09,17.87
Sao Felix do Xingu,98,BR,1555472149,97,-6.64,-51.99,70.79,2.37
Santa-Maria,0,FR,1555470000,81,41.88,8.98,50,5.82
Yabrud,0,SY,1555471854,87,33.97,36.66,46.4,11.41
Abancay,96,PE,1555472149,80,-13.64,-72.88,49.19,2.13
Hambantota,40,LK,1555470600,84,6.12,81.12,86,3.36
Aklavik,20,CA,1555470000,53,68.22,-135.01,24.8,9.17
Panguna,100,PG,1555472149,71,-6.32,155.48,84.65,9.24
Banda Aceh,60,ID,1555472150,67,5.56,95.32,84.83,1.77
Sigli,66,ID,1555472150,56,5.38,95.96,88.25,3.04
Severo-Kurilsk,100,RU,1555472150,89,50.68,156.12,34.61,34.02
Pamekasan,100,ID,1555472150,77,-7.16,113.47,84.47,3.36
Kudahuvadhoo,100,MV,1555472150,70,2.67,72.89,86.63,10.83
Solnechnyy,99,RU,1555472150,27,50.72,136.64,53.69,1.81
Luanda,75,AO,1555470000,88,-8.83,13.24,78.8,8.05
Guider,83,CM,1555472150,15,9.93,13.94,82.13,3.29
Kampong Thum,100,KH,1555472151,67,12.71,104.89,87.89,7.47
Tarakan,37,ID,1555472151,61,3.3,117.63,88.25,5.57
Faanui,87,PF,1555472151,76,-16.48,-151.75,85.37,11.95
Tawau,40,MY,1555470000,62,4.26,117.89,89.6,6.93
Pinega,98,RU,1555472151,87,64.7,43.39,28.13,6.93
Tessalit,45,ML,1555472109,6,20.2,1.01,79.25,11.36
Singarayakonda,0,IN,1555472152,50,15.25,80.02,89.15,13.15
Pilar,0,AR,1555472102,100,-34.46,-58.91,66.2,6.53
Suntar,33,RU,1555472152,58,62.16,117.65,28.13,2.3
Cap Malheureux,40,MU,1555472044,88,-19.98,57.61,77,5.82
Coihaique,0,CL,1555470000,65,-45.58,-72.07,44.6,4.7
Biryusinsk,16,RU,1555472152,51,55.96,97.82,36.95,5.57
Safford,90,US,1555471797,82,32.83,-109.71,62.01,14.99
Lazaro Cardenas,5,MX,1555469340,12,28.39,-105.62,73.4,14.99
Lompoc,75,US,1555472138,81,34.64,-120.46,61,8.05
Filadelfia,1,PY,1555472153,78,-22.35,-60.04,74.03,3.6
Chapais,1,CA,1555470000,63,49.78,-74.86,28.4,5.82
Tanout,0,NE,1555472153,11,14.97,8.88,72.77,9.53
Saskylakh,60,RU,1555472153,93,71.97,114.09,-4.82,8.86
Pevek,98,RU,1555472154,81,69.7,170.27,16.25,5.01
Guasdualito,75,VE,1555466400,100,7.24,-70.73,75.2,1.88
Naze,98,NG,1555472154,85,5.43,7.07,77.63,3.87
Sorong,100,ID,1555472111,87,-0.86,131.25,82.85,1.23
Zhangye,14,CN,1555471898,12,38.94,100.46,64.67,5.75
Fayaoue,13,NC,1555472154,79,-20.65,166.53,79.25,24.25
Rabo de Peixe,40,PT,1555472176,76,37.8,-25.58,55,11.41
Hualmay,100,PE,1555472214,91,-11.1,-77.61,69.53,14.45
Key West,40,US,1555471911,71,47.93,-96.78,53.6,4.7
Lons-le-Saunier,75,FR,1555472205,93,46.67,5.56,45,1.12
Sandnessjoen,0,NO,1555471814,51,66.02,12.63,37.4,12.75
Weinfelden,90,CH,1555472187,93,47.57,9.11,48.99,2.24
Tecolutla,0,MX,1555472215,54,17.31,-98.74,65.21,6.49
Dana Point,90,US,1555472193,82,33.47,-117.7,61,6.93
Rio Gallegos,90,AR,1555470000,65,-51.62,-69.22,44.6,12.75
Menongue,76,AO,1555472216,87,-14.66,17.68,63.77,0.4
Komsomolskiy,71,RU,1555472216,97,67.55,63.78,-6.62,6.67
Luis Correia,86,BR,1555472216,97,-2.88,-41.67,74.21,1.63
Mehamn,20,NO,1555469400,80,71.03,27.85,39.2,20.8
Copala,0,MX,1555472216,71,16.61,-98.97,82.85,5.66
Sitka,28,US,1555471957,79,37.17,-99.65,62.01,11.01
Nuuk,75,GL,1555471965,73,64.17,-51.74,19.4,10.29
Nanakuli,90,US,1555472003,64,21.39,-158.15,82.4,6.93
Mangaratiba,75,BR,1555472009,74,-22.96,-44.04,82.4,10.29
Najran,0,SA,1555470000,28,17.54,44.22,68,2.26
Roman,90,RO,1555472133,93,46.92,26.93,43,11.41
Sorland,52,NO,1555472217,73,67.67,12.69,41.09,6.13
Buala,100,SB,1555472217,76,-8.15,159.59,83.39,7.94
Port-Gentil,100,GA,1555472217,72,-0.72,8.78,83.57,4.7
Ledyard,75,US,1555472182,34,41.44,-72.02,54,10.29
Tilichiki,0,RU,1555472126,58,60.47,166.1,31.01,2.98
Katobu,79,ID,1555472218,76,-4.94,122.53,86.09,2.71
Sanghar,0,PK,1555472218,44,28.18,68.31,74.03,3.67
Sola,0,FI,1555471626,86,62.78,29.36,28.4,2.24
Gold Coast,40,AU,1555471948,57,-28,153.41,82.99,16.11
Escarcega,36,MX,1555472218,55,18.61,-90.75,83.93,8.9
Puerto Escondido,5,MX,1555469100,65,15.86,-97.07,78.8,1.66
Opuwo,0,NA,1555472219,46,-18.06,13.84,66.65,0.92
Mount Pleasant,1,US,1555472013,72,33.16,-94.97,70,6.93
Los Llanos de Aridane,57,ES,1555472129,77,28.66,-17.92,62.6,6.93
Verkhoyansk,58,RU,1555472220,83,67.55,133.39,22.01,11.81
Muros,0,ES,1555472208,81,42.77,-9.06,57.99,5.82
San Benito,100,CO,1555472220,96,6.13,-73.51,65.75,3.31
Hutchinson,90,US,1555472114,72,38.06,-97.93,66.99,18.34
Tshikapa,84,CD,1555472220,94,-6.42,20.79,69.89,2.06
Jiayuguan,100,CN,1555472220,26,39.77,98.29,64.13,14.65
Dogondoutchi,17,NE,1555472221,9,13.64,4.03,82.31,10.36
Madiun,16,ID,1555472221,64,-7.63,111.52,86.63,4.81
Orapa,23,BW,1555472281,42,-21.28,25.37,72.05,8.1
Padang,20,ID,1555470000,66,-0.92,100.36,86,3.36
Misratah,0,LY,1555472281,77,32.38,15.09,61.07,14.79
Perpignan,100,FR,1555472234,100,42.7,2.88,53.01,4.7
Santa Barbara,1,US,1555472024,76,34.42,-119.7,61,5.82
Qaqortoq,3,GL,1555469400,80,60.72,-46.03,35.6,4.7
Mandalgovi,0,MN,1555472282,48,45.76,106.27,42.17,18.41
Port Lincoln,98,AU,1555472282,76,-34.72,135.86,65.57,17.47
Charcas,0,MX,1555472282,15,23.13,-101.11,76.19,11.72
Aykhal,0,RU,1555470000,44,65.95,111.51,21.2,4.47
Bereznik,100,RU,1555472283,81,62.86,42.71,27.77,3.6
Lorengau,100,PG,1555472093,87,-2.02,147.27,80.51,6.85
Bakel,0,SN,1555472283,7,14.9,-12.46,89.33,8.93
Faya,0,SA,1555470000,72,18.39,42.45,60.8,3.36
Kabare,76,RW,1555472283,96,-1.65,29.38,56.03,2.66
Rondonopolis,100,BR,1555472015,78,-16.46,-54.64,76.73,0.74
Konevo,5,BG,1555471214,85,41.67,25.61,44.01,1.01
Bronnoysund,0,NO,1555471200,74,65.46,12.2,37.4,1.12
Eha Amufu,50,NG,1555472284,76,6.65,7.77,79.43,6.4
Berlevag,20,NO,1555469400,80,70.86,29.09,39.2,20.8
Laurel,75,US,1555472194,70,45.67,-108.77,46.4,8.05
Puerto del Rosario,0,ES,1555470000,88,28.5,-13.86,62.6,3.36
Venado Tuerto,0,AR,1555472165,70,-33.75,-61.97,55.99,4
Pimenta Bueno,100,BR,1555472285,94,-11.68,-61.19,74.75,1.07
Mahon,75,IE,1555471834,100,51.89,-8.4,51.01,12.75
Verkhneuralsk,20,RU,1555470000,53,53.88,59.21,21.2,20.13
Waingapu,11,ID,1555472285,70,-9.65,120.26,83.57,12.06
Nhamunda,100,BR,1555472285,96,-2.19,-56.71,73.67,1.34
Olga,20,US,1555472269,77,34.11,-118.17,61,5.82
Lienz,85,AT,1555472228,79,46.83,12.77,35.01,3.11
Haimen,0,CN,1555472157,59,31.87,121.18,75.99,5.73
Tessaoua,17,NE,1555472286,11,13.76,7.99,75.29,8.81
Pecos,1,US,1555471933,56,31.42,-103.49,69.8,10.29
Salinas,1,US,1555472088,81,36.67,-121.66,59,6.93
Te Anau,0,NZ,1555472286,41,-45.41,167.72,64.13,2.66
Flinders,40,AU,1555472260,57,-34.58,150.85,75.99,8.05
Marsa Matruh,20,EG,1555466400,72,31.35,27.25,60.8,9.17
Champerico,5,MX,1555468800,61,16.38,-93.6,80.6,6.93
Madimba,100,CM,1555472287,68,4.42,9.93,76.73,1.59
Fare,63,PF,1555472287,77,-16.7,-151.02,84.83,12.15
Soskovo,0,RU,1555472287,82,52.75,35.39,38.21,12.97
Ostersund,0,SE,1555472119,55,63.18,14.64,33.8,3.36
Takhatgarh,0,IN,1555472288,26,25.32,73,79.97,10.87
Balvi,0,LV,1555472288,96,57.13,27.27,36.41,5.3
Carangola,100,BR,1555472157,97,-20.73,-42.03,66.47,2.28
Cockburn Town,1,TC,1555472288,80,21.46,-71.14,79.07,15.46
Kununurra,0,AU,1555470000,34,-15.77,128.74,96.8,4.7
Whitefish,90,US,1555472098,45,48.41,-114.33,48.2,5.82
Llata,16,PE,1555472348,96,-9.55,-76.82,39.29,3.8
Blackwater,2,GB,1555472348,93,51.33,-0.78,48.2,1.12
Medgyesegyhaza,0,HU,1555470000,86,46.5,21.03,41,5.82
Constitucion,5,MX,1555469280,12,23.99,-104.67,66.2,15.32
Daru,74,SL,1555472349,97,7.99,-10.85,75.47,1.77
Lasa,40,CY,1555471915,77,34.92,32.53,59,5.82
Starkville,1,US,1555471976,87,33.45,-88.82,64.4,5.17
Kekri,3,IN,1555472316,48,25.97,75.15,77.99,11.95
Ingham,2,AU,1555472349,58,-18.65,146.16,79.97,8.81
Gboko,91,NG,1555472349,52,7.32,9,86.81,3.27
Makakilo City,90,US,1555472250,64,21.35,-158.09,82.4,6.93
Sao Joao da Barra,100,BR,1555472350,97,-21.64,-41.05,71.33,5.5
Lobito,100,AO,1555472149,83,-12.35,13.55,75.65,0.92
Tiarei,40,PF,1555471986,66,-17.53,-149.33,87.8,11.41
Ibimirim,6,BR,1555472350,87,-8.54,-37.69,72.05,6.15
Karabash,100,RU,1555472350,67,55.49,60.21,15.71,12.8
Pangai,75,TO,1555470000,88,-19.8,-174.35,78.8,17.22
Shitkino,25,RU,1555472351,57,56.37,98.35,35.69,4.99
Necochea,42,AR,1555471573,68,-38.55,-58.74,60.01,7
Southbridge,1,US,1555472349,48,42.08,-72.03,51.01,9.17
Tourlaville,20,FR,1555470000,100,49.64,-1.57,42.8,2.24
Urubicha,100,BO,1555472351,87,-15.63,-63.08,76.37,1.39
Beringovskiy,0,RU,1555472351,77,63.05,179.32,26.15,3.38
Naryan-Mar,100,RU,1555472351,90,67.67,53.09,12.65,14.88
Praia da Vitoria,40,PT,1555471815,71,38.73,-27.07,55.4,19.08
West Lafayette,90,US,1555471977,59,40.43,-86.91,68,5.82
Campbell River,90,CA,1555471911,81,50.02,-125.24,50,8.05
Kindu,92,CD,1555472352,90,-2.95,25.92,69.53,2.3
Tucurui,99,BR,1555472352,98,-3.77,-49.67,73.67,2.39
Tezu,8,IN,1555472058,34,27.93,96.16,85.37,3.04
Pacifica,1,US,1555472345,87,37.61,-122.49,57.99,17.22
Goderich,0,CA,1555472313,93,43.74,-81.71,39,4
Waipawa,19,NZ,1555472056,66,-39.94,176.59,57.99,4
Linjiang,24,CN,1555472353,28,41.81,126.91,60.89,14.45
Muravlenko,100,RU,1555472353,92,63.79,74.5,-4.09,25.39
Manadhoo,96,MV,1555472353,67,5.77,73.38,85.73,5.21
Ostrovnoy,100,RU,1555472353,88,68.05,39.51,33.35,10
Wlodawa,96,PL,1555470000,90,51.55,23.55,39.2,4.47
Alta Floresta,21,BR,1555472354,89,-9.87,-56.08,72.95,2.04
Peterhead,0,AU,1555472310,73,-34.83,138.5,84,13.87
Rocha,0,UY,1555472354,93,-34.48,-54.34,54.95,4.23
Bako,36,NG,1555472354,55,9.68,6.4,85.55,1.74
Trelew,100,AR,1555472354,40,-43.25,-65.31,67.37,15.37
Aricestii-Rahtivani,0,RO,1555472345,93,44.95,25.83,41,3.36
Kundiawa,99,PG,1555472219,91,-6.02,144.97,61.79,2.48
Mana,0,RS,1555470000,100,43.52,20.24,33.8,2.24
Paray-le-Monial,90,FR,1555471894,100,46.45,4.12,44.01,2.24
Sanjwal,90,PK,1555472242,100,33.76,72.43,64,13.87
Vuktyl,0,RU,1555472415,85,63.86,57.31,6.53,8.57
Birjand,0,IR,1555470000,76,32.86,59.22,50,6.93
Pokhara,34,NP,1555472415,35,28.21,83.99,58.37,3.51
Landau,0,DE,1555472410,52,51.34,9.08,46.99,4.7
Mao,20,DO,1555472134,83,19.55,-71.08,78.01,11.41
Baruun-Urt,23,MN,1555472416,57,46.68,113.28,39.83,19.89
Hovd,0,NO,1555472379,59,63.83,10.7,50,17.22
Teguldet,100,RU,1555472416,61,57.31,88.17,35.15,10.58
Savannakhet,40,TH,1555470000,62,16.57,104.76,89.6,2.24
Adrar,0,DZ,1555470000,13,27.87,-0.29,66.2,5.82
Georgiyevka,0,RU,1555472416,74,52.25,40.45,39.83,14
Riyadh,0,SA,1555470000,15,24.63,46.72,75.2,4.7
Tallahassee,75,US,1555472404,87,30.44,-84.28,62.01,1.92
Sangar,0,RU,1555472417,78,63.92,127.47,20.57,14.79
Sahagun,80,CO,1555472417,74,8.95,-75.44,82.31,10.33
Jian,85,IN,1555472417,59,25.65,87.89,90.05,7.54
Havoysund,91,NO,1555469400,93,71,24.66,35.6,24.16
Lensk,100,RU,1555472418,55,60.71,114.91,27.05,4.43
Vernon,90,CA,1555470000,37,50.27,-119.27,55.4,10.29
Camacha,40,PT,1555470000,82,33.08,-16.33,60.8,10.29
